<?xml version="1.0" encoding="UTF-8"?>
<!-- Product Version: Vivado v2023.1 (64-bit)                                     -->
<!--                                                                              -->
<!-- Copyright 1986-2022 Xilinx, Inc. All Rights Reserved.                        -->
<!-- Copyright 2022-2023 Advanced Micro Devices, Inc. All Rights Reserved.        -->

<hwsession version="1" minor="2">
  <device name="xc7a35t_0" gui_info="dashboard1=hw_ila_1[xc7a35t_0/hw_ila_1/Settings=ILA_SETTINGS_1;xc7a35t_0/hw_ila_1/Status=ILA_STATUS_1;xc7a35t_0/hw_ila_1/Trigger Setup=ILA_TRIGGER_1;xc7a35t_0/hw_ila_1/Waveform=ILA_WAVE_1;xc7a35t_0/hw_ila_1/Capture Setup=ILA_CAPTURE_1;],dashboard2=hw_ila_2[xc7a35t_0/hw_ila_2/Capture Setup=ILA_CAPTURE_1;xc7a35t_0/hw_ila_2/Trigger Setup=ILA_TRIGGER_1;xc7a35t_0/hw_ila_2/Waveform=ILA_WAVE_1;xc7a35t_0/hw_ila_2/Settings=ILA_SETTINGS_1;xc7a35t_0/hw_ila_2/Status=ILA_STATUS_1;]"/>
  <ObjectList object_type="hw_device" gui_info="">
    <Object name="xc7a35t_0" gui_info="">
      <Properties Property="FULL_PROBES.FILE" value="$_project_name_.runs/impl_1/AES_wiring_wrapper.ltx"/>
      <Properties Property="PROBES.FILE" value="$_project_name_.runs/impl_1/AES_wiring_wrapper.ltx"/>
      <Properties Property="PROGRAM.HW_BITSTREAM" value="$_project_name_.runs/impl_1/AES_wiring_wrapper.bit"/>
      <Properties Property="SLR.COUNT" value="1"/>
    </Object>
  </ObjectList>
  <ObjectList object_type="hw_ila" gui_info="">
    <Object name="" gui_info="">
      <Properties Property="CONTROL.TRIGGER_CONDITION" value="AND"/>
      <Properties Property="CORE_REFRESH_RATE_MS" value="500"/>
    </Object>
    <Object name="AES_wiring_i/ila_0" gui_info="">
      <Properties Property="CONTROL.DATA_DEPTH" value="2048"/>
      <Properties Property="CONTROL.TRIGGER_CONDITION" value="AND"/>
      <Properties Property="CONTROL.TRIGGER_POSITION" value="0"/>
      <Properties Property="CONTROL.WINDOW_COUNT" value="1"/>
      <Properties Property="CORE_REFRESH_RATE_MS" value="1"/>
    </Object>
    <Object name="AES_wiring_i/ila_1" gui_info="">
      <Properties Property="CONTROL.TRIGGER_CONDITION" value="AND"/>
      <Properties Property="CORE_REFRESH_RATE_MS" value="500"/>
    </Object>
  </ObjectList>
  <ObjectList object_type="hw_probe" gui_info="">
    <Object name="AES_wiring_i/AddRoundKey_0_Outputs[127:0]" gui_info=""/>
    <Object name="AES_wiring_i/Show_1" gui_info=""/>
    <Object name="AES_wiring_i/StateMachine_AES_0_nextStateO[2:0]" gui_info=""/>
    <Object name="AES_wiring_i/StateMachine_AES_0_stateO[2:0]" gui_info=""/>
    <Object name="AES_wiring_i/clk_div_0_clk_out" gui_info=""/>
    <Object name="AES_wiring_i/rst_1" gui_info="Trigger Setup=0"/>
  </ObjectList>
  <probeset name="hw project" active="false">
    <probe type="ila" busType="bus" source="netlist" spec="ILA_V2_RT">
      <probeOptions Id="DebugProbeParams">
        <Option Id="CAPTURE_COMPARE_VALUE" value="eq128&apos;hXXXX_XXXX_XXXX_XXXX_XXXX_XXXX_XXXX_XXXX"/>
        <Option Id="COMPARE_VALUE.0" value="eq128&apos;hXXXX_XXXX_XXXX_XXXX_XXXX_XXXX_XXXX_XXXX"/>
        <Option Id="DISPLAY_AS_ENUM" value="1"/>
        <Option Id="DISPLAY_HINT" value=""/>
        <Option Id="DISPLAY_RADIX" value="HEX"/>
        <Option Id="DISPLAY_VISIBILITY" value=""/>
        <Option Id="HW_ILA" value="hw_ila_1"/>
        <Option Id="LINK_TO_WAVEFORM" value="1"/>
        <Option Id="MAP" value="probe0[127:0]"/>
        <Option Id="NAME.CUSTOM" value=""/>
        <Option Id="NAME.SELECT" value="Long"/>
        <Option Id="SOURCE" value="netlist"/>
        <Option Id="TRIGGER_COMPARE_VALUE" value="eq128&apos;hXXXX_XXXX_XXXX_XXXX_XXXX_XXXX_XXXX_XXXX"/>
        <Option Id="WAVEFORM_STYLE" value="Digital"/>
      </probeOptions>
      <nets>
        <net name="AES_wiring_i/AddRoundKey_0_Outputs[127]"/>
        <net name="AES_wiring_i/AddRoundKey_0_Outputs[126]"/>
        <net name="AES_wiring_i/AddRoundKey_0_Outputs[125]"/>
        <net name="AES_wiring_i/AddRoundKey_0_Outputs[124]"/>
        <net name="AES_wiring_i/AddRoundKey_0_Outputs[123]"/>
        <net name="AES_wiring_i/AddRoundKey_0_Outputs[122]"/>
        <net name="AES_wiring_i/AddRoundKey_0_Outputs[121]"/>
        <net name="AES_wiring_i/AddRoundKey_0_Outputs[120]"/>
        <net name="AES_wiring_i/AddRoundKey_0_Outputs[119]"/>
        <net name="AES_wiring_i/AddRoundKey_0_Outputs[118]"/>
        <net name="AES_wiring_i/AddRoundKey_0_Outputs[117]"/>
        <net name="AES_wiring_i/AddRoundKey_0_Outputs[116]"/>
        <net name="AES_wiring_i/AddRoundKey_0_Outputs[115]"/>
        <net name="AES_wiring_i/AddRoundKey_0_Outputs[114]"/>
        <net name="AES_wiring_i/AddRoundKey_0_Outputs[113]"/>
        <net name="AES_wiring_i/AddRoundKey_0_Outputs[112]"/>
        <net name="AES_wiring_i/AddRoundKey_0_Outputs[111]"/>
        <net name="AES_wiring_i/AddRoundKey_0_Outputs[110]"/>
        <net name="AES_wiring_i/AddRoundKey_0_Outputs[109]"/>
        <net name="AES_wiring_i/AddRoundKey_0_Outputs[108]"/>
        <net name="AES_wiring_i/AddRoundKey_0_Outputs[107]"/>
        <net name="AES_wiring_i/AddRoundKey_0_Outputs[106]"/>
        <net name="AES_wiring_i/AddRoundKey_0_Outputs[105]"/>
        <net name="AES_wiring_i/AddRoundKey_0_Outputs[104]"/>
        <net name="AES_wiring_i/AddRoundKey_0_Outputs[103]"/>
        <net name="AES_wiring_i/AddRoundKey_0_Outputs[102]"/>
        <net name="AES_wiring_i/AddRoundKey_0_Outputs[101]"/>
        <net name="AES_wiring_i/AddRoundKey_0_Outputs[100]"/>
        <net name="AES_wiring_i/AddRoundKey_0_Outputs[99]"/>
        <net name="AES_wiring_i/AddRoundKey_0_Outputs[98]"/>
        <net name="AES_wiring_i/AddRoundKey_0_Outputs[97]"/>
        <net name="AES_wiring_i/AddRoundKey_0_Outputs[96]"/>
        <net name="AES_wiring_i/AddRoundKey_0_Outputs[95]"/>
        <net name="AES_wiring_i/AddRoundKey_0_Outputs[94]"/>
        <net name="AES_wiring_i/AddRoundKey_0_Outputs[93]"/>
        <net name="AES_wiring_i/AddRoundKey_0_Outputs[92]"/>
        <net name="AES_wiring_i/AddRoundKey_0_Outputs[91]"/>
        <net name="AES_wiring_i/AddRoundKey_0_Outputs[90]"/>
        <net name="AES_wiring_i/AddRoundKey_0_Outputs[89]"/>
        <net name="AES_wiring_i/AddRoundKey_0_Outputs[88]"/>
        <net name="AES_wiring_i/AddRoundKey_0_Outputs[87]"/>
        <net name="AES_wiring_i/AddRoundKey_0_Outputs[86]"/>
        <net name="AES_wiring_i/AddRoundKey_0_Outputs[85]"/>
        <net name="AES_wiring_i/AddRoundKey_0_Outputs[84]"/>
        <net name="AES_wiring_i/AddRoundKey_0_Outputs[83]"/>
        <net name="AES_wiring_i/AddRoundKey_0_Outputs[82]"/>
        <net name="AES_wiring_i/AddRoundKey_0_Outputs[81]"/>
        <net name="AES_wiring_i/AddRoundKey_0_Outputs[80]"/>
        <net name="AES_wiring_i/AddRoundKey_0_Outputs[79]"/>
        <net name="AES_wiring_i/AddRoundKey_0_Outputs[78]"/>
        <net name="AES_wiring_i/AddRoundKey_0_Outputs[77]"/>
        <net name="AES_wiring_i/AddRoundKey_0_Outputs[76]"/>
        <net name="AES_wiring_i/AddRoundKey_0_Outputs[75]"/>
        <net name="AES_wiring_i/AddRoundKey_0_Outputs[74]"/>
        <net name="AES_wiring_i/AddRoundKey_0_Outputs[73]"/>
        <net name="AES_wiring_i/AddRoundKey_0_Outputs[72]"/>
        <net name="AES_wiring_i/AddRoundKey_0_Outputs[71]"/>
        <net name="AES_wiring_i/AddRoundKey_0_Outputs[70]"/>
        <net name="AES_wiring_i/AddRoundKey_0_Outputs[69]"/>
        <net name="AES_wiring_i/AddRoundKey_0_Outputs[68]"/>
        <net name="AES_wiring_i/AddRoundKey_0_Outputs[67]"/>
        <net name="AES_wiring_i/AddRoundKey_0_Outputs[66]"/>
        <net name="AES_wiring_i/AddRoundKey_0_Outputs[65]"/>
        <net name="AES_wiring_i/AddRoundKey_0_Outputs[64]"/>
        <net name="AES_wiring_i/AddRoundKey_0_Outputs[63]"/>
        <net name="AES_wiring_i/AddRoundKey_0_Outputs[62]"/>
        <net name="AES_wiring_i/AddRoundKey_0_Outputs[61]"/>
        <net name="AES_wiring_i/AddRoundKey_0_Outputs[60]"/>
        <net name="AES_wiring_i/AddRoundKey_0_Outputs[59]"/>
        <net name="AES_wiring_i/AddRoundKey_0_Outputs[58]"/>
        <net name="AES_wiring_i/AddRoundKey_0_Outputs[57]"/>
        <net name="AES_wiring_i/AddRoundKey_0_Outputs[56]"/>
        <net name="AES_wiring_i/AddRoundKey_0_Outputs[55]"/>
        <net name="AES_wiring_i/AddRoundKey_0_Outputs[54]"/>
        <net name="AES_wiring_i/AddRoundKey_0_Outputs[53]"/>
        <net name="AES_wiring_i/AddRoundKey_0_Outputs[52]"/>
        <net name="AES_wiring_i/AddRoundKey_0_Outputs[51]"/>
        <net name="AES_wiring_i/AddRoundKey_0_Outputs[50]"/>
        <net name="AES_wiring_i/AddRoundKey_0_Outputs[49]"/>
        <net name="AES_wiring_i/AddRoundKey_0_Outputs[48]"/>
        <net name="AES_wiring_i/AddRoundKey_0_Outputs[47]"/>
        <net name="AES_wiring_i/AddRoundKey_0_Outputs[46]"/>
        <net name="AES_wiring_i/AddRoundKey_0_Outputs[45]"/>
        <net name="AES_wiring_i/AddRoundKey_0_Outputs[44]"/>
        <net name="AES_wiring_i/AddRoundKey_0_Outputs[43]"/>
        <net name="AES_wiring_i/AddRoundKey_0_Outputs[42]"/>
        <net name="AES_wiring_i/AddRoundKey_0_Outputs[41]"/>
        <net name="AES_wiring_i/AddRoundKey_0_Outputs[40]"/>
        <net name="AES_wiring_i/AddRoundKey_0_Outputs[39]"/>
        <net name="AES_wiring_i/AddRoundKey_0_Outputs[38]"/>
        <net name="AES_wiring_i/AddRoundKey_0_Outputs[37]"/>
        <net name="AES_wiring_i/AddRoundKey_0_Outputs[36]"/>
        <net name="AES_wiring_i/AddRoundKey_0_Outputs[35]"/>
        <net name="AES_wiring_i/AddRoundKey_0_Outputs[34]"/>
        <net name="AES_wiring_i/AddRoundKey_0_Outputs[33]"/>
        <net name="AES_wiring_i/AddRoundKey_0_Outputs[32]"/>
        <net name="AES_wiring_i/AddRoundKey_0_Outputs[31]"/>
        <net name="AES_wiring_i/AddRoundKey_0_Outputs[30]"/>
        <net name="AES_wiring_i/AddRoundKey_0_Outputs[29]"/>
        <net name="AES_wiring_i/AddRoundKey_0_Outputs[28]"/>
        <net name="AES_wiring_i/AddRoundKey_0_Outputs[27]"/>
        <net name="AES_wiring_i/AddRoundKey_0_Outputs[26]"/>
        <net name="AES_wiring_i/AddRoundKey_0_Outputs[25]"/>
        <net name="AES_wiring_i/AddRoundKey_0_Outputs[24]"/>
        <net name="AES_wiring_i/AddRoundKey_0_Outputs[23]"/>
        <net name="AES_wiring_i/AddRoundKey_0_Outputs[22]"/>
        <net name="AES_wiring_i/AddRoundKey_0_Outputs[21]"/>
        <net name="AES_wiring_i/AddRoundKey_0_Outputs[20]"/>
        <net name="AES_wiring_i/AddRoundKey_0_Outputs[19]"/>
        <net name="AES_wiring_i/AddRoundKey_0_Outputs[18]"/>
        <net name="AES_wiring_i/AddRoundKey_0_Outputs[17]"/>
        <net name="AES_wiring_i/AddRoundKey_0_Outputs[16]"/>
        <net name="AES_wiring_i/AddRoundKey_0_Outputs[15]"/>
        <net name="AES_wiring_i/AddRoundKey_0_Outputs[14]"/>
        <net name="AES_wiring_i/AddRoundKey_0_Outputs[13]"/>
        <net name="AES_wiring_i/AddRoundKey_0_Outputs[12]"/>
        <net name="AES_wiring_i/AddRoundKey_0_Outputs[11]"/>
        <net name="AES_wiring_i/AddRoundKey_0_Outputs[10]"/>
        <net name="AES_wiring_i/AddRoundKey_0_Outputs[9]"/>
        <net name="AES_wiring_i/AddRoundKey_0_Outputs[8]"/>
        <net name="AES_wiring_i/AddRoundKey_0_Outputs[7]"/>
        <net name="AES_wiring_i/AddRoundKey_0_Outputs[6]"/>
        <net name="AES_wiring_i/AddRoundKey_0_Outputs[5]"/>
        <net name="AES_wiring_i/AddRoundKey_0_Outputs[4]"/>
        <net name="AES_wiring_i/AddRoundKey_0_Outputs[3]"/>
        <net name="AES_wiring_i/AddRoundKey_0_Outputs[2]"/>
        <net name="AES_wiring_i/AddRoundKey_0_Outputs[1]"/>
        <net name="AES_wiring_i/AddRoundKey_0_Outputs[0]"/>
      </nets>
    </probe>
    <probe type="ila" busType="bus" source="netlist" spec="ILA_V2_RT">
      <probeOptions Id="DebugProbeParams">
        <Option Id="CAPTURE_COMPARE_VALUE" value="eq7&apos;hXX"/>
        <Option Id="COMPARE_VALUE.0" value="eq7&apos;hXX"/>
        <Option Id="DISPLAY_AS_ENUM" value="1"/>
        <Option Id="DISPLAY_HINT" value=""/>
        <Option Id="DISPLAY_RADIX" value="HEX"/>
        <Option Id="DISPLAY_VISIBILITY" value=""/>
        <Option Id="HW_ILA" value="hw_ila_2"/>
        <Option Id="LINK_TO_WAVEFORM" value="1"/>
        <Option Id="MAP" value="probe1[6:0]"/>
        <Option Id="NAME.CUSTOM" value=""/>
        <Option Id="NAME.SELECT" value="Long"/>
        <Option Id="SOURCE" value="netlist"/>
        <Option Id="TRIGGER_COMPARE_VALUE" value="eq7&apos;hXX"/>
        <Option Id="WAVEFORM_STYLE" value="Digital"/>
      </probeOptions>
      <nets>
        <net name="AES_wiring_i/Display_Manager_0_seg[6]"/>
        <net name="AES_wiring_i/Display_Manager_0_seg[5]"/>
        <net name="AES_wiring_i/Display_Manager_0_seg[4]"/>
        <net name="AES_wiring_i/Display_Manager_0_seg[3]"/>
        <net name="AES_wiring_i/Display_Manager_0_seg[2]"/>
        <net name="AES_wiring_i/Display_Manager_0_seg[1]"/>
        <net name="AES_wiring_i/Display_Manager_0_seg[0]"/>
      </nets>
    </probe>
    <probe type="ila" busType="bus" source="netlist" spec="ILA_V2_RT">
      <probeOptions Id="DebugProbeParams">
        <Option Id="CAPTURE_COMPARE_VALUE" value="eq4&apos;hX"/>
        <Option Id="COMPARE_VALUE.0" value="eq4&apos;hX"/>
        <Option Id="DISPLAY_AS_ENUM" value="1"/>
        <Option Id="DISPLAY_HINT" value=""/>
        <Option Id="DISPLAY_RADIX" value="HEX"/>
        <Option Id="DISPLAY_VISIBILITY" value=""/>
        <Option Id="HW_ILA" value="hw_ila_2"/>
        <Option Id="LINK_TO_WAVEFORM" value="1"/>
        <Option Id="MAP" value="probe0[3:0]"/>
        <Option Id="NAME.CUSTOM" value=""/>
        <Option Id="NAME.SELECT" value="Long"/>
        <Option Id="SOURCE" value="netlist"/>
        <Option Id="TRIGGER_COMPARE_VALUE" value="eq4&apos;hX"/>
        <Option Id="WAVEFORM_STYLE" value="Digital"/>
      </probeOptions>
      <nets>
        <net name="AES_wiring_i/Display_Manager_0_sel[3]"/>
        <net name="AES_wiring_i/Display_Manager_0_sel[2]"/>
        <net name="AES_wiring_i/Display_Manager_0_sel[1]"/>
        <net name="AES_wiring_i/Display_Manager_0_sel[0]"/>
      </nets>
    </probe>
    <probe type="ila" busType="bus" source="netlist" spec="ILA_V2_RT">
      <probeOptions Id="DebugProbeParams">
        <Option Id="CAPTURE_COMPARE_VALUE" value="eq128&apos;hXXXX_XXXX_XXXX_XXXX_XXXX_XXXX_XXXX_XXXX"/>
        <Option Id="COMPARE_VALUE.0" value="eq128&apos;hXXXX_XXXX_XXXX_XXXX_XXXX_XXXX_XXXX_XXXX"/>
        <Option Id="DISPLAY_AS_ENUM" value="1"/>
        <Option Id="DISPLAY_HINT" value=""/>
        <Option Id="DISPLAY_RADIX" value="HEX"/>
        <Option Id="DISPLAY_VISIBILITY" value=""/>
        <Option Id="HW_ILA" value="hw_ila_1"/>
        <Option Id="LINK_TO_WAVEFORM" value="1"/>
        <Option Id="MAP" value="probe4[127:0]"/>
        <Option Id="NAME.CUSTOM" value=""/>
        <Option Id="NAME.SELECT" value="Long"/>
        <Option Id="SOURCE" value="netlist"/>
        <Option Id="TRIGGER_COMPARE_VALUE" value="eq128&apos;hXXXX_XXXX_XXXX_XXXX_XXXX_XXXX_XXXX_XXXX"/>
        <Option Id="WAVEFORM_STYLE" value="Digital"/>
      </probeOptions>
      <nets>
        <net name="AES_wiring_i/MixColumns_0_output[127]"/>
        <net name="AES_wiring_i/MixColumns_0_output[126]"/>
        <net name="AES_wiring_i/MixColumns_0_output[125]"/>
        <net name="AES_wiring_i/MixColumns_0_output[124]"/>
        <net name="AES_wiring_i/MixColumns_0_output[123]"/>
        <net name="AES_wiring_i/MixColumns_0_output[122]"/>
        <net name="AES_wiring_i/MixColumns_0_output[121]"/>
        <net name="AES_wiring_i/MixColumns_0_output[120]"/>
        <net name="AES_wiring_i/MixColumns_0_output[119]"/>
        <net name="AES_wiring_i/MixColumns_0_output[118]"/>
        <net name="AES_wiring_i/MixColumns_0_output[117]"/>
        <net name="AES_wiring_i/MixColumns_0_output[116]"/>
        <net name="AES_wiring_i/MixColumns_0_output[115]"/>
        <net name="AES_wiring_i/MixColumns_0_output[114]"/>
        <net name="AES_wiring_i/MixColumns_0_output[113]"/>
        <net name="AES_wiring_i/MixColumns_0_output[112]"/>
        <net name="AES_wiring_i/MixColumns_0_output[111]"/>
        <net name="AES_wiring_i/MixColumns_0_output[110]"/>
        <net name="AES_wiring_i/MixColumns_0_output[109]"/>
        <net name="AES_wiring_i/MixColumns_0_output[108]"/>
        <net name="AES_wiring_i/MixColumns_0_output[107]"/>
        <net name="AES_wiring_i/MixColumns_0_output[106]"/>
        <net name="AES_wiring_i/MixColumns_0_output[105]"/>
        <net name="AES_wiring_i/MixColumns_0_output[104]"/>
        <net name="AES_wiring_i/MixColumns_0_output[103]"/>
        <net name="AES_wiring_i/MixColumns_0_output[102]"/>
        <net name="AES_wiring_i/MixColumns_0_output[101]"/>
        <net name="AES_wiring_i/MixColumns_0_output[100]"/>
        <net name="AES_wiring_i/MixColumns_0_output[99]"/>
        <net name="AES_wiring_i/MixColumns_0_output[98]"/>
        <net name="AES_wiring_i/MixColumns_0_output[97]"/>
        <net name="AES_wiring_i/MixColumns_0_output[96]"/>
        <net name="AES_wiring_i/MixColumns_0_output[95]"/>
        <net name="AES_wiring_i/MixColumns_0_output[94]"/>
        <net name="AES_wiring_i/MixColumns_0_output[93]"/>
        <net name="AES_wiring_i/MixColumns_0_output[92]"/>
        <net name="AES_wiring_i/MixColumns_0_output[91]"/>
        <net name="AES_wiring_i/MixColumns_0_output[90]"/>
        <net name="AES_wiring_i/MixColumns_0_output[89]"/>
        <net name="AES_wiring_i/MixColumns_0_output[88]"/>
        <net name="AES_wiring_i/MixColumns_0_output[87]"/>
        <net name="AES_wiring_i/MixColumns_0_output[86]"/>
        <net name="AES_wiring_i/MixColumns_0_output[85]"/>
        <net name="AES_wiring_i/MixColumns_0_output[84]"/>
        <net name="AES_wiring_i/MixColumns_0_output[83]"/>
        <net name="AES_wiring_i/MixColumns_0_output[82]"/>
        <net name="AES_wiring_i/MixColumns_0_output[81]"/>
        <net name="AES_wiring_i/MixColumns_0_output[80]"/>
        <net name="AES_wiring_i/MixColumns_0_output[79]"/>
        <net name="AES_wiring_i/MixColumns_0_output[78]"/>
        <net name="AES_wiring_i/MixColumns_0_output[77]"/>
        <net name="AES_wiring_i/MixColumns_0_output[76]"/>
        <net name="AES_wiring_i/MixColumns_0_output[75]"/>
        <net name="AES_wiring_i/MixColumns_0_output[74]"/>
        <net name="AES_wiring_i/MixColumns_0_output[73]"/>
        <net name="AES_wiring_i/MixColumns_0_output[72]"/>
        <net name="AES_wiring_i/MixColumns_0_output[71]"/>
        <net name="AES_wiring_i/MixColumns_0_output[70]"/>
        <net name="AES_wiring_i/MixColumns_0_output[69]"/>
        <net name="AES_wiring_i/MixColumns_0_output[68]"/>
        <net name="AES_wiring_i/MixColumns_0_output[67]"/>
        <net name="AES_wiring_i/MixColumns_0_output[66]"/>
        <net name="AES_wiring_i/MixColumns_0_output[65]"/>
        <net name="AES_wiring_i/MixColumns_0_output[64]"/>
        <net name="AES_wiring_i/MixColumns_0_output[63]"/>
        <net name="AES_wiring_i/MixColumns_0_output[62]"/>
        <net name="AES_wiring_i/MixColumns_0_output[61]"/>
        <net name="AES_wiring_i/MixColumns_0_output[60]"/>
        <net name="AES_wiring_i/MixColumns_0_output[59]"/>
        <net name="AES_wiring_i/MixColumns_0_output[58]"/>
        <net name="AES_wiring_i/MixColumns_0_output[57]"/>
        <net name="AES_wiring_i/MixColumns_0_output[56]"/>
        <net name="AES_wiring_i/MixColumns_0_output[55]"/>
        <net name="AES_wiring_i/MixColumns_0_output[54]"/>
        <net name="AES_wiring_i/MixColumns_0_output[53]"/>
        <net name="AES_wiring_i/MixColumns_0_output[52]"/>
        <net name="AES_wiring_i/MixColumns_0_output[51]"/>
        <net name="AES_wiring_i/MixColumns_0_output[50]"/>
        <net name="AES_wiring_i/MixColumns_0_output[49]"/>
        <net name="AES_wiring_i/MixColumns_0_output[48]"/>
        <net name="AES_wiring_i/MixColumns_0_output[47]"/>
        <net name="AES_wiring_i/MixColumns_0_output[46]"/>
        <net name="AES_wiring_i/MixColumns_0_output[45]"/>
        <net name="AES_wiring_i/MixColumns_0_output[44]"/>
        <net name="AES_wiring_i/MixColumns_0_output[43]"/>
        <net name="AES_wiring_i/MixColumns_0_output[42]"/>
        <net name="AES_wiring_i/MixColumns_0_output[41]"/>
        <net name="AES_wiring_i/MixColumns_0_output[40]"/>
        <net name="AES_wiring_i/MixColumns_0_output[39]"/>
        <net name="AES_wiring_i/MixColumns_0_output[38]"/>
        <net name="AES_wiring_i/MixColumns_0_output[37]"/>
        <net name="AES_wiring_i/MixColumns_0_output[36]"/>
        <net name="AES_wiring_i/MixColumns_0_output[35]"/>
        <net name="AES_wiring_i/MixColumns_0_output[34]"/>
        <net name="AES_wiring_i/MixColumns_0_output[33]"/>
        <net name="AES_wiring_i/MixColumns_0_output[32]"/>
        <net name="AES_wiring_i/MixColumns_0_output[31]"/>
        <net name="AES_wiring_i/MixColumns_0_output[30]"/>
        <net name="AES_wiring_i/MixColumns_0_output[29]"/>
        <net name="AES_wiring_i/MixColumns_0_output[28]"/>
        <net name="AES_wiring_i/MixColumns_0_output[27]"/>
        <net name="AES_wiring_i/MixColumns_0_output[26]"/>
        <net name="AES_wiring_i/MixColumns_0_output[25]"/>
        <net name="AES_wiring_i/MixColumns_0_output[24]"/>
        <net name="AES_wiring_i/MixColumns_0_output[23]"/>
        <net name="AES_wiring_i/MixColumns_0_output[22]"/>
        <net name="AES_wiring_i/MixColumns_0_output[21]"/>
        <net name="AES_wiring_i/MixColumns_0_output[20]"/>
        <net name="AES_wiring_i/MixColumns_0_output[19]"/>
        <net name="AES_wiring_i/MixColumns_0_output[18]"/>
        <net name="AES_wiring_i/MixColumns_0_output[17]"/>
        <net name="AES_wiring_i/MixColumns_0_output[16]"/>
        <net name="AES_wiring_i/MixColumns_0_output[15]"/>
        <net name="AES_wiring_i/MixColumns_0_output[14]"/>
        <net name="AES_wiring_i/MixColumns_0_output[13]"/>
        <net name="AES_wiring_i/MixColumns_0_output[12]"/>
        <net name="AES_wiring_i/MixColumns_0_output[11]"/>
        <net name="AES_wiring_i/MixColumns_0_output[10]"/>
        <net name="AES_wiring_i/MixColumns_0_output[9]"/>
        <net name="AES_wiring_i/MixColumns_0_output[8]"/>
        <net name="AES_wiring_i/MixColumns_0_output[7]"/>
        <net name="AES_wiring_i/MixColumns_0_output[6]"/>
        <net name="AES_wiring_i/MixColumns_0_output[5]"/>
        <net name="AES_wiring_i/MixColumns_0_output[4]"/>
        <net name="AES_wiring_i/MixColumns_0_output[3]"/>
        <net name="AES_wiring_i/MixColumns_0_output[2]"/>
        <net name="AES_wiring_i/MixColumns_0_output[1]"/>
        <net name="AES_wiring_i/MixColumns_0_output[0]"/>
      </nets>
    </probe>
    <probe type="ila" busType="bus" source="netlist" spec="ILA_V2_RT">
      <probeOptions Id="DebugProbeParams">
        <Option Id="CAPTURE_COMPARE_VALUE" value="eq128&apos;hXXXX_XXXX_XXXX_XXXX_XXXX_XXXX_XXXX_XXXX"/>
        <Option Id="COMPARE_VALUE.0" value="eq128&apos;hXXXX_XXXX_XXXX_XXXX_XXXX_XXXX_XXXX_XXXX"/>
        <Option Id="DISPLAY_AS_ENUM" value="1"/>
        <Option Id="DISPLAY_HINT" value=""/>
        <Option Id="DISPLAY_RADIX" value="HEX"/>
        <Option Id="DISPLAY_VISIBILITY" value=""/>
        <Option Id="HW_ILA" value="hw_ila_1"/>
        <Option Id="LINK_TO_WAVEFORM" value="1"/>
        <Option Id="MAP" value="probe5[127:0]"/>
        <Option Id="NAME.CUSTOM" value=""/>
        <Option Id="NAME.SELECT" value="Long"/>
        <Option Id="SOURCE" value="netlist"/>
        <Option Id="TRIGGER_COMPARE_VALUE" value="eq128&apos;hXXXX_XXXX_XXXX_XXXX_XXXX_XXXX_XXXX_XXXX"/>
        <Option Id="WAVEFORM_STYLE" value="Digital"/>
      </probeOptions>
      <nets>
        <net name="AES_wiring_i/ShiftRowns_0_OUTPUTs[127]"/>
        <net name="AES_wiring_i/ShiftRowns_0_OUTPUTs[126]"/>
        <net name="AES_wiring_i/ShiftRowns_0_OUTPUTs[125]"/>
        <net name="AES_wiring_i/ShiftRowns_0_OUTPUTs[124]"/>
        <net name="AES_wiring_i/ShiftRowns_0_OUTPUTs[123]"/>
        <net name="AES_wiring_i/ShiftRowns_0_OUTPUTs[122]"/>
        <net name="AES_wiring_i/ShiftRowns_0_OUTPUTs[121]"/>
        <net name="AES_wiring_i/ShiftRowns_0_OUTPUTs[120]"/>
        <net name="AES_wiring_i/ShiftRowns_0_OUTPUTs[119]"/>
        <net name="AES_wiring_i/ShiftRowns_0_OUTPUTs[118]"/>
        <net name="AES_wiring_i/ShiftRowns_0_OUTPUTs[117]"/>
        <net name="AES_wiring_i/ShiftRowns_0_OUTPUTs[116]"/>
        <net name="AES_wiring_i/ShiftRowns_0_OUTPUTs[115]"/>
        <net name="AES_wiring_i/ShiftRowns_0_OUTPUTs[114]"/>
        <net name="AES_wiring_i/ShiftRowns_0_OUTPUTs[113]"/>
        <net name="AES_wiring_i/ShiftRowns_0_OUTPUTs[112]"/>
        <net name="AES_wiring_i/ShiftRowns_0_OUTPUTs[111]"/>
        <net name="AES_wiring_i/ShiftRowns_0_OUTPUTs[110]"/>
        <net name="AES_wiring_i/ShiftRowns_0_OUTPUTs[109]"/>
        <net name="AES_wiring_i/ShiftRowns_0_OUTPUTs[108]"/>
        <net name="AES_wiring_i/ShiftRowns_0_OUTPUTs[107]"/>
        <net name="AES_wiring_i/ShiftRowns_0_OUTPUTs[106]"/>
        <net name="AES_wiring_i/ShiftRowns_0_OUTPUTs[105]"/>
        <net name="AES_wiring_i/ShiftRowns_0_OUTPUTs[104]"/>
        <net name="AES_wiring_i/ShiftRowns_0_OUTPUTs[103]"/>
        <net name="AES_wiring_i/ShiftRowns_0_OUTPUTs[102]"/>
        <net name="AES_wiring_i/ShiftRowns_0_OUTPUTs[101]"/>
        <net name="AES_wiring_i/ShiftRowns_0_OUTPUTs[100]"/>
        <net name="AES_wiring_i/ShiftRowns_0_OUTPUTs[99]"/>
        <net name="AES_wiring_i/ShiftRowns_0_OUTPUTs[98]"/>
        <net name="AES_wiring_i/ShiftRowns_0_OUTPUTs[97]"/>
        <net name="AES_wiring_i/ShiftRowns_0_OUTPUTs[96]"/>
        <net name="AES_wiring_i/ShiftRowns_0_OUTPUTs[95]"/>
        <net name="AES_wiring_i/ShiftRowns_0_OUTPUTs[94]"/>
        <net name="AES_wiring_i/ShiftRowns_0_OUTPUTs[93]"/>
        <net name="AES_wiring_i/ShiftRowns_0_OUTPUTs[92]"/>
        <net name="AES_wiring_i/ShiftRowns_0_OUTPUTs[91]"/>
        <net name="AES_wiring_i/ShiftRowns_0_OUTPUTs[90]"/>
        <net name="AES_wiring_i/ShiftRowns_0_OUTPUTs[89]"/>
        <net name="AES_wiring_i/ShiftRowns_0_OUTPUTs[88]"/>
        <net name="AES_wiring_i/ShiftRowns_0_OUTPUTs[87]"/>
        <net name="AES_wiring_i/ShiftRowns_0_OUTPUTs[86]"/>
        <net name="AES_wiring_i/ShiftRowns_0_OUTPUTs[85]"/>
        <net name="AES_wiring_i/ShiftRowns_0_OUTPUTs[84]"/>
        <net name="AES_wiring_i/ShiftRowns_0_OUTPUTs[83]"/>
        <net name="AES_wiring_i/ShiftRowns_0_OUTPUTs[82]"/>
        <net name="AES_wiring_i/ShiftRowns_0_OUTPUTs[81]"/>
        <net name="AES_wiring_i/ShiftRowns_0_OUTPUTs[80]"/>
        <net name="AES_wiring_i/ShiftRowns_0_OUTPUTs[79]"/>
        <net name="AES_wiring_i/ShiftRowns_0_OUTPUTs[78]"/>
        <net name="AES_wiring_i/ShiftRowns_0_OUTPUTs[77]"/>
        <net name="AES_wiring_i/ShiftRowns_0_OUTPUTs[76]"/>
        <net name="AES_wiring_i/ShiftRowns_0_OUTPUTs[75]"/>
        <net name="AES_wiring_i/ShiftRowns_0_OUTPUTs[74]"/>
        <net name="AES_wiring_i/ShiftRowns_0_OUTPUTs[73]"/>
        <net name="AES_wiring_i/ShiftRowns_0_OUTPUTs[72]"/>
        <net name="AES_wiring_i/ShiftRowns_0_OUTPUTs[71]"/>
        <net name="AES_wiring_i/ShiftRowns_0_OUTPUTs[70]"/>
        <net name="AES_wiring_i/ShiftRowns_0_OUTPUTs[69]"/>
        <net name="AES_wiring_i/ShiftRowns_0_OUTPUTs[68]"/>
        <net name="AES_wiring_i/ShiftRowns_0_OUTPUTs[67]"/>
        <net name="AES_wiring_i/ShiftRowns_0_OUTPUTs[66]"/>
        <net name="AES_wiring_i/ShiftRowns_0_OUTPUTs[65]"/>
        <net name="AES_wiring_i/ShiftRowns_0_OUTPUTs[64]"/>
        <net name="AES_wiring_i/ShiftRowns_0_OUTPUTs[63]"/>
        <net name="AES_wiring_i/ShiftRowns_0_OUTPUTs[62]"/>
        <net name="AES_wiring_i/ShiftRowns_0_OUTPUTs[61]"/>
        <net name="AES_wiring_i/ShiftRowns_0_OUTPUTs[60]"/>
        <net name="AES_wiring_i/ShiftRowns_0_OUTPUTs[59]"/>
        <net name="AES_wiring_i/ShiftRowns_0_OUTPUTs[58]"/>
        <net name="AES_wiring_i/ShiftRowns_0_OUTPUTs[57]"/>
        <net name="AES_wiring_i/ShiftRowns_0_OUTPUTs[56]"/>
        <net name="AES_wiring_i/ShiftRowns_0_OUTPUTs[55]"/>
        <net name="AES_wiring_i/ShiftRowns_0_OUTPUTs[54]"/>
        <net name="AES_wiring_i/ShiftRowns_0_OUTPUTs[53]"/>
        <net name="AES_wiring_i/ShiftRowns_0_OUTPUTs[52]"/>
        <net name="AES_wiring_i/ShiftRowns_0_OUTPUTs[51]"/>
        <net name="AES_wiring_i/ShiftRowns_0_OUTPUTs[50]"/>
        <net name="AES_wiring_i/ShiftRowns_0_OUTPUTs[49]"/>
        <net name="AES_wiring_i/ShiftRowns_0_OUTPUTs[48]"/>
        <net name="AES_wiring_i/ShiftRowns_0_OUTPUTs[47]"/>
        <net name="AES_wiring_i/ShiftRowns_0_OUTPUTs[46]"/>
        <net name="AES_wiring_i/ShiftRowns_0_OUTPUTs[45]"/>
        <net name="AES_wiring_i/ShiftRowns_0_OUTPUTs[44]"/>
        <net name="AES_wiring_i/ShiftRowns_0_OUTPUTs[43]"/>
        <net name="AES_wiring_i/ShiftRowns_0_OUTPUTs[42]"/>
        <net name="AES_wiring_i/ShiftRowns_0_OUTPUTs[41]"/>
        <net name="AES_wiring_i/ShiftRowns_0_OUTPUTs[40]"/>
        <net name="AES_wiring_i/ShiftRowns_0_OUTPUTs[39]"/>
        <net name="AES_wiring_i/ShiftRowns_0_OUTPUTs[38]"/>
        <net name="AES_wiring_i/ShiftRowns_0_OUTPUTs[37]"/>
        <net name="AES_wiring_i/ShiftRowns_0_OUTPUTs[36]"/>
        <net name="AES_wiring_i/ShiftRowns_0_OUTPUTs[35]"/>
        <net name="AES_wiring_i/ShiftRowns_0_OUTPUTs[34]"/>
        <net name="AES_wiring_i/ShiftRowns_0_OUTPUTs[33]"/>
        <net name="AES_wiring_i/ShiftRowns_0_OUTPUTs[32]"/>
        <net name="AES_wiring_i/ShiftRowns_0_OUTPUTs[31]"/>
        <net name="AES_wiring_i/ShiftRowns_0_OUTPUTs[30]"/>
        <net name="AES_wiring_i/ShiftRowns_0_OUTPUTs[29]"/>
        <net name="AES_wiring_i/ShiftRowns_0_OUTPUTs[28]"/>
        <net name="AES_wiring_i/ShiftRowns_0_OUTPUTs[27]"/>
        <net name="AES_wiring_i/ShiftRowns_0_OUTPUTs[26]"/>
        <net name="AES_wiring_i/ShiftRowns_0_OUTPUTs[25]"/>
        <net name="AES_wiring_i/ShiftRowns_0_OUTPUTs[24]"/>
        <net name="AES_wiring_i/ShiftRowns_0_OUTPUTs[23]"/>
        <net name="AES_wiring_i/ShiftRowns_0_OUTPUTs[22]"/>
        <net name="AES_wiring_i/ShiftRowns_0_OUTPUTs[21]"/>
        <net name="AES_wiring_i/ShiftRowns_0_OUTPUTs[20]"/>
        <net name="AES_wiring_i/ShiftRowns_0_OUTPUTs[19]"/>
        <net name="AES_wiring_i/ShiftRowns_0_OUTPUTs[18]"/>
        <net name="AES_wiring_i/ShiftRowns_0_OUTPUTs[17]"/>
        <net name="AES_wiring_i/ShiftRowns_0_OUTPUTs[16]"/>
        <net name="AES_wiring_i/ShiftRowns_0_OUTPUTs[15]"/>
        <net name="AES_wiring_i/ShiftRowns_0_OUTPUTs[14]"/>
        <net name="AES_wiring_i/ShiftRowns_0_OUTPUTs[13]"/>
        <net name="AES_wiring_i/ShiftRowns_0_OUTPUTs[12]"/>
        <net name="AES_wiring_i/ShiftRowns_0_OUTPUTs[11]"/>
        <net name="AES_wiring_i/ShiftRowns_0_OUTPUTs[10]"/>
        <net name="AES_wiring_i/ShiftRowns_0_OUTPUTs[9]"/>
        <net name="AES_wiring_i/ShiftRowns_0_OUTPUTs[8]"/>
        <net name="AES_wiring_i/ShiftRowns_0_OUTPUTs[7]"/>
        <net name="AES_wiring_i/ShiftRowns_0_OUTPUTs[6]"/>
        <net name="AES_wiring_i/ShiftRowns_0_OUTPUTs[5]"/>
        <net name="AES_wiring_i/ShiftRowns_0_OUTPUTs[4]"/>
        <net name="AES_wiring_i/ShiftRowns_0_OUTPUTs[3]"/>
        <net name="AES_wiring_i/ShiftRowns_0_OUTPUTs[2]"/>
        <net name="AES_wiring_i/ShiftRowns_0_OUTPUTs[1]"/>
        <net name="AES_wiring_i/ShiftRowns_0_OUTPUTs[0]"/>
      </nets>
    </probe>
    <probe type="ila" busType="net" source="netlist" spec="ILA_V2_RT">
      <probeOptions Id="DebugProbeParams">
        <Option Id="CAPTURE_COMPARE_VALUE" value="eq1&apos;bX"/>
        <Option Id="COMPARE_VALUE.0" value="eq1&apos;bX"/>
        <Option Id="DISPLAY_AS_ENUM" value="1"/>
        <Option Id="DISPLAY_HINT" value=""/>
        <Option Id="DISPLAY_RADIX" value="HEX"/>
        <Option Id="DISPLAY_VISIBILITY" value=""/>
        <Option Id="HW_ILA" value="hw_ila_1"/>
        <Option Id="LINK_TO_WAVEFORM" value="1"/>
        <Option Id="MAP" value="probe2[0]"/>
        <Option Id="NAME.CUSTOM" value=""/>
        <Option Id="NAME.SELECT" value="Long"/>
        <Option Id="SOURCE" value="netlist"/>
        <Option Id="TRIGGER_COMPARE_VALUE" value="eq1&apos;bX"/>
        <Option Id="WAVEFORM_STYLE" value="Digital"/>
      </probeOptions>
      <nets>
        <net name="AES_wiring_i/Show_1"/>
      </nets>
    </probe>
    <probe type="ila" busType="net" source="netlist" spec="ILA_V2_RT">
      <probeOptions Id="DebugProbeParams">
        <Option Id="CAPTURE_COMPARE_VALUE" value="eq1&apos;bX"/>
        <Option Id="COMPARE_VALUE.0" value="eq1&apos;bX"/>
        <Option Id="DISPLAY_AS_ENUM" value="1"/>
        <Option Id="DISPLAY_HINT" value=""/>
        <Option Id="DISPLAY_RADIX" value="HEX"/>
        <Option Id="DISPLAY_VISIBILITY" value=""/>
        <Option Id="HW_ILA" value="hw_ila_1"/>
        <Option Id="LINK_TO_WAVEFORM" value="1"/>
        <Option Id="MAP" value="probe12[0]"/>
        <Option Id="NAME.CUSTOM" value=""/>
        <Option Id="NAME.SELECT" value="Long"/>
        <Option Id="SOURCE" value="netlist"/>
        <Option Id="TRIGGER_COMPARE_VALUE" value="eq1&apos;bX"/>
        <Option Id="WAVEFORM_STYLE" value="Digital"/>
      </probeOptions>
      <nets>
        <net name="AES_wiring_i/StateMachine_AES_0_done"/>
      </nets>
    </probe>
    <probe type="ila" busType="bus" source="netlist" spec="ILA_V2_RT">
      <probeOptions Id="DebugProbeParams">
        <Option Id="CAPTURE_COMPARE_VALUE" value="eq3&apos;hX"/>
        <Option Id="COMPARE_VALUE.0" value="eq3&apos;hX"/>
        <Option Id="DISPLAY_AS_ENUM" value="1"/>
        <Option Id="DISPLAY_HINT" value=""/>
        <Option Id="DISPLAY_RADIX" value="HEX"/>
        <Option Id="DISPLAY_VISIBILITY" value=""/>
        <Option Id="HW_ILA" value="hw_ila_1"/>
        <Option Id="LINK_TO_WAVEFORM" value="1"/>
        <Option Id="MAP" value="probe10[2:0]"/>
        <Option Id="NAME.CUSTOM" value=""/>
        <Option Id="NAME.SELECT" value="Long"/>
        <Option Id="SOURCE" value="netlist"/>
        <Option Id="TRIGGER_COMPARE_VALUE" value="eq3&apos;hX"/>
        <Option Id="WAVEFORM_STYLE" value="Digital"/>
      </probeOptions>
      <nets>
        <net name="AES_wiring_i/StateMachine_AES_0_nextStateO[2]"/>
        <net name="AES_wiring_i/StateMachine_AES_0_nextStateO[1]"/>
        <net name="AES_wiring_i/StateMachine_AES_0_nextStateO[0]"/>
      </nets>
    </probe>
    <probe type="ila" busType="bus" source="netlist" spec="ILA_V2_RT">
      <probeOptions Id="DebugProbeParams">
        <Option Id="CAPTURE_COMPARE_VALUE" value="eq4&apos;hX"/>
        <Option Id="COMPARE_VALUE.0" value="eq4&apos;hX"/>
        <Option Id="DISPLAY_AS_ENUM" value="1"/>
        <Option Id="DISPLAY_HINT" value=""/>
        <Option Id="DISPLAY_RADIX" value="HEX"/>
        <Option Id="DISPLAY_VISIBILITY" value=""/>
        <Option Id="HW_ILA" value="hw_ila_1"/>
        <Option Id="LINK_TO_WAVEFORM" value="1"/>
        <Option Id="MAP" value="probe11[3:0]"/>
        <Option Id="NAME.CUSTOM" value=""/>
        <Option Id="NAME.SELECT" value="Long"/>
        <Option Id="SOURCE" value="netlist"/>
        <Option Id="TRIGGER_COMPARE_VALUE" value="eq4&apos;hX"/>
        <Option Id="WAVEFORM_STYLE" value="Digital"/>
      </probeOptions>
      <nets>
        <net name="AES_wiring_i/StateMachine_AES_0_rstO[3]"/>
        <net name="AES_wiring_i/StateMachine_AES_0_rstO[2]"/>
        <net name="AES_wiring_i/StateMachine_AES_0_rstO[1]"/>
        <net name="AES_wiring_i/StateMachine_AES_0_rstO[0]"/>
      </nets>
    </probe>
    <probe type="ila" busType="bus" source="netlist" spec="ILA_V2_RT">
      <probeOptions Id="DebugProbeParams">
        <Option Id="CAPTURE_COMPARE_VALUE" value="eq3&apos;hX"/>
        <Option Id="COMPARE_VALUE.0" value="eq3&apos;hX"/>
        <Option Id="DISPLAY_AS_ENUM" value="1"/>
        <Option Id="DISPLAY_HINT" value=""/>
        <Option Id="DISPLAY_RADIX" value="HEX"/>
        <Option Id="DISPLAY_VISIBILITY" value=""/>
        <Option Id="HW_ILA" value="hw_ila_1"/>
        <Option Id="LINK_TO_WAVEFORM" value="1"/>
        <Option Id="MAP" value="probe7[2:0]"/>
        <Option Id="NAME.CUSTOM" value=""/>
        <Option Id="NAME.SELECT" value="Long"/>
        <Option Id="SOURCE" value="netlist"/>
        <Option Id="TRIGGER_COMPARE_VALUE" value="eq3&apos;hX"/>
        <Option Id="WAVEFORM_STYLE" value="Digital"/>
      </probeOptions>
      <nets>
        <net name="AES_wiring_i/StateMachine_AES_0_stateO[2]"/>
        <net name="AES_wiring_i/StateMachine_AES_0_stateO[1]"/>
        <net name="AES_wiring_i/StateMachine_AES_0_stateO[0]"/>
      </nets>
    </probe>
    <probe type="ila" busType="bus" source="netlist" spec="ILA_V2_RT">
      <probeOptions Id="DebugProbeParams">
        <Option Id="CAPTURE_COMPARE_VALUE" value="eq128&apos;hXXXX_XXXX_XXXX_XXXX_XXXX_XXXX_XXXX_XXXX"/>
        <Option Id="COMPARE_VALUE.0" value="eq128&apos;hXXXX_XXXX_XXXX_XXXX_XXXX_XXXX_XXXX_XXXX"/>
        <Option Id="DISPLAY_AS_ENUM" value="1"/>
        <Option Id="DISPLAY_HINT" value=""/>
        <Option Id="DISPLAY_RADIX" value="HEX"/>
        <Option Id="DISPLAY_VISIBILITY" value=""/>
        <Option Id="HW_ILA" value="hw_ila_1"/>
        <Option Id="LINK_TO_WAVEFORM" value="1"/>
        <Option Id="MAP" value="probe6[127:0]"/>
        <Option Id="NAME.CUSTOM" value=""/>
        <Option Id="NAME.SELECT" value="Long"/>
        <Option Id="SOURCE" value="netlist"/>
        <Option Id="TRIGGER_COMPARE_VALUE" value="eq128&apos;hXXXX_XXXX_XXXX_XXXX_XXXX_XXXX_XXXX_XXXX"/>
        <Option Id="WAVEFORM_STYLE" value="Digital"/>
      </probeOptions>
      <nets>
        <net name="AES_wiring_i/SubBytes_0_Outputs[127]"/>
        <net name="AES_wiring_i/SubBytes_0_Outputs[126]"/>
        <net name="AES_wiring_i/SubBytes_0_Outputs[125]"/>
        <net name="AES_wiring_i/SubBytes_0_Outputs[124]"/>
        <net name="AES_wiring_i/SubBytes_0_Outputs[123]"/>
        <net name="AES_wiring_i/SubBytes_0_Outputs[122]"/>
        <net name="AES_wiring_i/SubBytes_0_Outputs[121]"/>
        <net name="AES_wiring_i/SubBytes_0_Outputs[120]"/>
        <net name="AES_wiring_i/SubBytes_0_Outputs[119]"/>
        <net name="AES_wiring_i/SubBytes_0_Outputs[118]"/>
        <net name="AES_wiring_i/SubBytes_0_Outputs[117]"/>
        <net name="AES_wiring_i/SubBytes_0_Outputs[116]"/>
        <net name="AES_wiring_i/SubBytes_0_Outputs[115]"/>
        <net name="AES_wiring_i/SubBytes_0_Outputs[114]"/>
        <net name="AES_wiring_i/SubBytes_0_Outputs[113]"/>
        <net name="AES_wiring_i/SubBytes_0_Outputs[112]"/>
        <net name="AES_wiring_i/SubBytes_0_Outputs[111]"/>
        <net name="AES_wiring_i/SubBytes_0_Outputs[110]"/>
        <net name="AES_wiring_i/SubBytes_0_Outputs[109]"/>
        <net name="AES_wiring_i/SubBytes_0_Outputs[108]"/>
        <net name="AES_wiring_i/SubBytes_0_Outputs[107]"/>
        <net name="AES_wiring_i/SubBytes_0_Outputs[106]"/>
        <net name="AES_wiring_i/SubBytes_0_Outputs[105]"/>
        <net name="AES_wiring_i/SubBytes_0_Outputs[104]"/>
        <net name="AES_wiring_i/SubBytes_0_Outputs[103]"/>
        <net name="AES_wiring_i/SubBytes_0_Outputs[102]"/>
        <net name="AES_wiring_i/SubBytes_0_Outputs[101]"/>
        <net name="AES_wiring_i/SubBytes_0_Outputs[100]"/>
        <net name="AES_wiring_i/SubBytes_0_Outputs[99]"/>
        <net name="AES_wiring_i/SubBytes_0_Outputs[98]"/>
        <net name="AES_wiring_i/SubBytes_0_Outputs[97]"/>
        <net name="AES_wiring_i/SubBytes_0_Outputs[96]"/>
        <net name="AES_wiring_i/SubBytes_0_Outputs[95]"/>
        <net name="AES_wiring_i/SubBytes_0_Outputs[94]"/>
        <net name="AES_wiring_i/SubBytes_0_Outputs[93]"/>
        <net name="AES_wiring_i/SubBytes_0_Outputs[92]"/>
        <net name="AES_wiring_i/SubBytes_0_Outputs[91]"/>
        <net name="AES_wiring_i/SubBytes_0_Outputs[90]"/>
        <net name="AES_wiring_i/SubBytes_0_Outputs[89]"/>
        <net name="AES_wiring_i/SubBytes_0_Outputs[88]"/>
        <net name="AES_wiring_i/SubBytes_0_Outputs[87]"/>
        <net name="AES_wiring_i/SubBytes_0_Outputs[86]"/>
        <net name="AES_wiring_i/SubBytes_0_Outputs[85]"/>
        <net name="AES_wiring_i/SubBytes_0_Outputs[84]"/>
        <net name="AES_wiring_i/SubBytes_0_Outputs[83]"/>
        <net name="AES_wiring_i/SubBytes_0_Outputs[82]"/>
        <net name="AES_wiring_i/SubBytes_0_Outputs[81]"/>
        <net name="AES_wiring_i/SubBytes_0_Outputs[80]"/>
        <net name="AES_wiring_i/SubBytes_0_Outputs[79]"/>
        <net name="AES_wiring_i/SubBytes_0_Outputs[78]"/>
        <net name="AES_wiring_i/SubBytes_0_Outputs[77]"/>
        <net name="AES_wiring_i/SubBytes_0_Outputs[76]"/>
        <net name="AES_wiring_i/SubBytes_0_Outputs[75]"/>
        <net name="AES_wiring_i/SubBytes_0_Outputs[74]"/>
        <net name="AES_wiring_i/SubBytes_0_Outputs[73]"/>
        <net name="AES_wiring_i/SubBytes_0_Outputs[72]"/>
        <net name="AES_wiring_i/SubBytes_0_Outputs[71]"/>
        <net name="AES_wiring_i/SubBytes_0_Outputs[70]"/>
        <net name="AES_wiring_i/SubBytes_0_Outputs[69]"/>
        <net name="AES_wiring_i/SubBytes_0_Outputs[68]"/>
        <net name="AES_wiring_i/SubBytes_0_Outputs[67]"/>
        <net name="AES_wiring_i/SubBytes_0_Outputs[66]"/>
        <net name="AES_wiring_i/SubBytes_0_Outputs[65]"/>
        <net name="AES_wiring_i/SubBytes_0_Outputs[64]"/>
        <net name="AES_wiring_i/SubBytes_0_Outputs[63]"/>
        <net name="AES_wiring_i/SubBytes_0_Outputs[62]"/>
        <net name="AES_wiring_i/SubBytes_0_Outputs[61]"/>
        <net name="AES_wiring_i/SubBytes_0_Outputs[60]"/>
        <net name="AES_wiring_i/SubBytes_0_Outputs[59]"/>
        <net name="AES_wiring_i/SubBytes_0_Outputs[58]"/>
        <net name="AES_wiring_i/SubBytes_0_Outputs[57]"/>
        <net name="AES_wiring_i/SubBytes_0_Outputs[56]"/>
        <net name="AES_wiring_i/SubBytes_0_Outputs[55]"/>
        <net name="AES_wiring_i/SubBytes_0_Outputs[54]"/>
        <net name="AES_wiring_i/SubBytes_0_Outputs[53]"/>
        <net name="AES_wiring_i/SubBytes_0_Outputs[52]"/>
        <net name="AES_wiring_i/SubBytes_0_Outputs[51]"/>
        <net name="AES_wiring_i/SubBytes_0_Outputs[50]"/>
        <net name="AES_wiring_i/SubBytes_0_Outputs[49]"/>
        <net name="AES_wiring_i/SubBytes_0_Outputs[48]"/>
        <net name="AES_wiring_i/SubBytes_0_Outputs[47]"/>
        <net name="AES_wiring_i/SubBytes_0_Outputs[46]"/>
        <net name="AES_wiring_i/SubBytes_0_Outputs[45]"/>
        <net name="AES_wiring_i/SubBytes_0_Outputs[44]"/>
        <net name="AES_wiring_i/SubBytes_0_Outputs[43]"/>
        <net name="AES_wiring_i/SubBytes_0_Outputs[42]"/>
        <net name="AES_wiring_i/SubBytes_0_Outputs[41]"/>
        <net name="AES_wiring_i/SubBytes_0_Outputs[40]"/>
        <net name="AES_wiring_i/SubBytes_0_Outputs[39]"/>
        <net name="AES_wiring_i/SubBytes_0_Outputs[38]"/>
        <net name="AES_wiring_i/SubBytes_0_Outputs[37]"/>
        <net name="AES_wiring_i/SubBytes_0_Outputs[36]"/>
        <net name="AES_wiring_i/SubBytes_0_Outputs[35]"/>
        <net name="AES_wiring_i/SubBytes_0_Outputs[34]"/>
        <net name="AES_wiring_i/SubBytes_0_Outputs[33]"/>
        <net name="AES_wiring_i/SubBytes_0_Outputs[32]"/>
        <net name="AES_wiring_i/SubBytes_0_Outputs[31]"/>
        <net name="AES_wiring_i/SubBytes_0_Outputs[30]"/>
        <net name="AES_wiring_i/SubBytes_0_Outputs[29]"/>
        <net name="AES_wiring_i/SubBytes_0_Outputs[28]"/>
        <net name="AES_wiring_i/SubBytes_0_Outputs[27]"/>
        <net name="AES_wiring_i/SubBytes_0_Outputs[26]"/>
        <net name="AES_wiring_i/SubBytes_0_Outputs[25]"/>
        <net name="AES_wiring_i/SubBytes_0_Outputs[24]"/>
        <net name="AES_wiring_i/SubBytes_0_Outputs[23]"/>
        <net name="AES_wiring_i/SubBytes_0_Outputs[22]"/>
        <net name="AES_wiring_i/SubBytes_0_Outputs[21]"/>
        <net name="AES_wiring_i/SubBytes_0_Outputs[20]"/>
        <net name="AES_wiring_i/SubBytes_0_Outputs[19]"/>
        <net name="AES_wiring_i/SubBytes_0_Outputs[18]"/>
        <net name="AES_wiring_i/SubBytes_0_Outputs[17]"/>
        <net name="AES_wiring_i/SubBytes_0_Outputs[16]"/>
        <net name="AES_wiring_i/SubBytes_0_Outputs[15]"/>
        <net name="AES_wiring_i/SubBytes_0_Outputs[14]"/>
        <net name="AES_wiring_i/SubBytes_0_Outputs[13]"/>
        <net name="AES_wiring_i/SubBytes_0_Outputs[12]"/>
        <net name="AES_wiring_i/SubBytes_0_Outputs[11]"/>
        <net name="AES_wiring_i/SubBytes_0_Outputs[10]"/>
        <net name="AES_wiring_i/SubBytes_0_Outputs[9]"/>
        <net name="AES_wiring_i/SubBytes_0_Outputs[8]"/>
        <net name="AES_wiring_i/SubBytes_0_Outputs[7]"/>
        <net name="AES_wiring_i/SubBytes_0_Outputs[6]"/>
        <net name="AES_wiring_i/SubBytes_0_Outputs[5]"/>
        <net name="AES_wiring_i/SubBytes_0_Outputs[4]"/>
        <net name="AES_wiring_i/SubBytes_0_Outputs[3]"/>
        <net name="AES_wiring_i/SubBytes_0_Outputs[2]"/>
        <net name="AES_wiring_i/SubBytes_0_Outputs[1]"/>
        <net name="AES_wiring_i/SubBytes_0_Outputs[0]"/>
      </nets>
    </probe>
    <probe type="ila" busType="net" source="netlist" spec="ILA_V2_RT">
      <probeOptions Id="DebugProbeParams">
        <Option Id="CAPTURE_COMPARE_VALUE" value="eq1&apos;bX"/>
        <Option Id="COMPARE_VALUE.0" value="eq1&apos;bX"/>
        <Option Id="DISPLAY_AS_ENUM" value="1"/>
        <Option Id="DISPLAY_HINT" value=""/>
        <Option Id="DISPLAY_RADIX" value="HEX"/>
        <Option Id="DISPLAY_VISIBILITY" value=""/>
        <Option Id="HW_ILA" value="hw_ila_1"/>
        <Option Id="LINK_TO_WAVEFORM" value="1"/>
        <Option Id="MAP" value="probe8[0]"/>
        <Option Id="NAME.CUSTOM" value=""/>
        <Option Id="NAME.SELECT" value="Long"/>
        <Option Id="SOURCE" value="netlist"/>
        <Option Id="TRIGGER_COMPARE_VALUE" value="eq1&apos;bX"/>
        <Option Id="WAVEFORM_STYLE" value="Digital"/>
      </probeOptions>
      <nets>
        <net name="AES_wiring_i/clk_div_0_clk_out"/>
      </nets>
    </probe>
    <probe type="ila" busType="net" source="netlist" spec="ILA_V2_RT">
      <probeOptions Id="DebugProbeParams">
        <Option Id="CAPTURE_COMPARE_VALUE" value="eq1&apos;bX"/>
        <Option Id="COMPARE_VALUE.0" value="eq1&apos;bX"/>
        <Option Id="DISPLAY_AS_ENUM" value="1"/>
        <Option Id="DISPLAY_HINT" value=""/>
        <Option Id="DISPLAY_RADIX" value="HEX"/>
        <Option Id="DISPLAY_VISIBILITY" value=""/>
        <Option Id="HW_ILA" value="hw_ila_1"/>
        <Option Id="LINK_TO_WAVEFORM" value="1"/>
        <Option Id="MAP" value="probe8[0]"/>
        <Option Id="NAME.CUSTOM" value=""/>
        <Option Id="NAME.SELECT" value="Long"/>
        <Option Id="SOURCE" value="netlist"/>
        <Option Id="TRIGGER_COMPARE_VALUE" value="eq1&apos;bX"/>
        <Option Id="WAVEFORM_STYLE" value="Digital"/>
      </probeOptions>
      <nets>
        <net name="AES_wiring_i/clk_div_1_clk_out"/>
      </nets>
    </probe>
    <probe type="ila" busType="bus" source="netlist" spec="ILA_V2_RT">
      <probeOptions Id="DebugProbeParams">
        <Option Id="CAPTURE_COMPARE_VALUE" value="eq128&apos;hXXXX_XXXX_XXXX_XXXX_XXXX_XXXX_XXXX_XXXX"/>
        <Option Id="COMPARE_VALUE.0" value="eq128&apos;hXXXX_XXXX_XXXX_XXXX_XXXX_XXXX_XXXX_XXXX"/>
        <Option Id="DISPLAY_AS_ENUM" value="1"/>
        <Option Id="DISPLAY_HINT" value=""/>
        <Option Id="DISPLAY_RADIX" value="HEX"/>
        <Option Id="DISPLAY_VISIBILITY" value=""/>
        <Option Id="HW_ILA" value="hw_ila_1"/>
        <Option Id="LINK_TO_WAVEFORM" value="1"/>
        <Option Id="MAP" value="probe9[127:0]"/>
        <Option Id="NAME.CUSTOM" value=""/>
        <Option Id="NAME.SELECT" value="Long"/>
        <Option Id="SOURCE" value="netlist"/>
        <Option Id="TRIGGER_COMPARE_VALUE" value="eq128&apos;hXXXX_XXXX_XXXX_XXXX_XXXX_XXXX_XXXX_XXXX"/>
        <Option Id="WAVEFORM_STYLE" value="Digital"/>
      </probeOptions>
      <nets>
        <net name="AES_wiring_i/inputs_0_currIn[127]"/>
        <net name="AES_wiring_i/inputs_0_currIn[126]"/>
        <net name="AES_wiring_i/inputs_0_currIn[125]"/>
        <net name="AES_wiring_i/inputs_0_currIn[124]"/>
        <net name="AES_wiring_i/inputs_0_currIn[123]"/>
        <net name="AES_wiring_i/inputs_0_currIn[122]"/>
        <net name="AES_wiring_i/inputs_0_currIn[121]"/>
        <net name="AES_wiring_i/inputs_0_currIn[120]"/>
        <net name="AES_wiring_i/inputs_0_currIn[119]"/>
        <net name="AES_wiring_i/inputs_0_currIn[118]"/>
        <net name="AES_wiring_i/inputs_0_currIn[117]"/>
        <net name="AES_wiring_i/inputs_0_currIn[116]"/>
        <net name="AES_wiring_i/inputs_0_currIn[115]"/>
        <net name="AES_wiring_i/inputs_0_currIn[114]"/>
        <net name="AES_wiring_i/inputs_0_currIn[113]"/>
        <net name="AES_wiring_i/inputs_0_currIn[112]"/>
        <net name="AES_wiring_i/inputs_0_currIn[111]"/>
        <net name="AES_wiring_i/inputs_0_currIn[110]"/>
        <net name="AES_wiring_i/inputs_0_currIn[109]"/>
        <net name="AES_wiring_i/inputs_0_currIn[108]"/>
        <net name="AES_wiring_i/inputs_0_currIn[107]"/>
        <net name="AES_wiring_i/inputs_0_currIn[106]"/>
        <net name="AES_wiring_i/inputs_0_currIn[105]"/>
        <net name="AES_wiring_i/inputs_0_currIn[104]"/>
        <net name="AES_wiring_i/inputs_0_currIn[103]"/>
        <net name="AES_wiring_i/inputs_0_currIn[102]"/>
        <net name="AES_wiring_i/inputs_0_currIn[101]"/>
        <net name="AES_wiring_i/inputs_0_currIn[100]"/>
        <net name="AES_wiring_i/inputs_0_currIn[99]"/>
        <net name="AES_wiring_i/inputs_0_currIn[98]"/>
        <net name="AES_wiring_i/inputs_0_currIn[97]"/>
        <net name="AES_wiring_i/inputs_0_currIn[96]"/>
        <net name="AES_wiring_i/inputs_0_currIn[95]"/>
        <net name="AES_wiring_i/inputs_0_currIn[94]"/>
        <net name="AES_wiring_i/inputs_0_currIn[93]"/>
        <net name="AES_wiring_i/inputs_0_currIn[92]"/>
        <net name="AES_wiring_i/inputs_0_currIn[91]"/>
        <net name="AES_wiring_i/inputs_0_currIn[90]"/>
        <net name="AES_wiring_i/inputs_0_currIn[89]"/>
        <net name="AES_wiring_i/inputs_0_currIn[88]"/>
        <net name="AES_wiring_i/inputs_0_currIn[87]"/>
        <net name="AES_wiring_i/inputs_0_currIn[86]"/>
        <net name="AES_wiring_i/inputs_0_currIn[85]"/>
        <net name="AES_wiring_i/inputs_0_currIn[84]"/>
        <net name="AES_wiring_i/inputs_0_currIn[83]"/>
        <net name="AES_wiring_i/inputs_0_currIn[82]"/>
        <net name="AES_wiring_i/inputs_0_currIn[81]"/>
        <net name="AES_wiring_i/inputs_0_currIn[80]"/>
        <net name="AES_wiring_i/inputs_0_currIn[79]"/>
        <net name="AES_wiring_i/inputs_0_currIn[78]"/>
        <net name="AES_wiring_i/inputs_0_currIn[77]"/>
        <net name="AES_wiring_i/inputs_0_currIn[76]"/>
        <net name="AES_wiring_i/inputs_0_currIn[75]"/>
        <net name="AES_wiring_i/inputs_0_currIn[74]"/>
        <net name="AES_wiring_i/inputs_0_currIn[73]"/>
        <net name="AES_wiring_i/inputs_0_currIn[72]"/>
        <net name="AES_wiring_i/inputs_0_currIn[71]"/>
        <net name="AES_wiring_i/inputs_0_currIn[70]"/>
        <net name="AES_wiring_i/inputs_0_currIn[69]"/>
        <net name="AES_wiring_i/inputs_0_currIn[68]"/>
        <net name="AES_wiring_i/inputs_0_currIn[67]"/>
        <net name="AES_wiring_i/inputs_0_currIn[66]"/>
        <net name="AES_wiring_i/inputs_0_currIn[65]"/>
        <net name="AES_wiring_i/inputs_0_currIn[64]"/>
        <net name="AES_wiring_i/inputs_0_currIn[63]"/>
        <net name="AES_wiring_i/inputs_0_currIn[62]"/>
        <net name="AES_wiring_i/inputs_0_currIn[61]"/>
        <net name="AES_wiring_i/inputs_0_currIn[60]"/>
        <net name="AES_wiring_i/inputs_0_currIn[59]"/>
        <net name="AES_wiring_i/inputs_0_currIn[58]"/>
        <net name="AES_wiring_i/inputs_0_currIn[57]"/>
        <net name="AES_wiring_i/inputs_0_currIn[56]"/>
        <net name="AES_wiring_i/inputs_0_currIn[55]"/>
        <net name="AES_wiring_i/inputs_0_currIn[54]"/>
        <net name="AES_wiring_i/inputs_0_currIn[53]"/>
        <net name="AES_wiring_i/inputs_0_currIn[52]"/>
        <net name="AES_wiring_i/inputs_0_currIn[51]"/>
        <net name="AES_wiring_i/inputs_0_currIn[50]"/>
        <net name="AES_wiring_i/inputs_0_currIn[49]"/>
        <net name="AES_wiring_i/inputs_0_currIn[48]"/>
        <net name="AES_wiring_i/inputs_0_currIn[47]"/>
        <net name="AES_wiring_i/inputs_0_currIn[46]"/>
        <net name="AES_wiring_i/inputs_0_currIn[45]"/>
        <net name="AES_wiring_i/inputs_0_currIn[44]"/>
        <net name="AES_wiring_i/inputs_0_currIn[43]"/>
        <net name="AES_wiring_i/inputs_0_currIn[42]"/>
        <net name="AES_wiring_i/inputs_0_currIn[41]"/>
        <net name="AES_wiring_i/inputs_0_currIn[40]"/>
        <net name="AES_wiring_i/inputs_0_currIn[39]"/>
        <net name="AES_wiring_i/inputs_0_currIn[38]"/>
        <net name="AES_wiring_i/inputs_0_currIn[37]"/>
        <net name="AES_wiring_i/inputs_0_currIn[36]"/>
        <net name="AES_wiring_i/inputs_0_currIn[35]"/>
        <net name="AES_wiring_i/inputs_0_currIn[34]"/>
        <net name="AES_wiring_i/inputs_0_currIn[33]"/>
        <net name="AES_wiring_i/inputs_0_currIn[32]"/>
        <net name="AES_wiring_i/inputs_0_currIn[31]"/>
        <net name="AES_wiring_i/inputs_0_currIn[30]"/>
        <net name="AES_wiring_i/inputs_0_currIn[29]"/>
        <net name="AES_wiring_i/inputs_0_currIn[28]"/>
        <net name="AES_wiring_i/inputs_0_currIn[27]"/>
        <net name="AES_wiring_i/inputs_0_currIn[26]"/>
        <net name="AES_wiring_i/inputs_0_currIn[25]"/>
        <net name="AES_wiring_i/inputs_0_currIn[24]"/>
        <net name="AES_wiring_i/inputs_0_currIn[23]"/>
        <net name="AES_wiring_i/inputs_0_currIn[22]"/>
        <net name="AES_wiring_i/inputs_0_currIn[21]"/>
        <net name="AES_wiring_i/inputs_0_currIn[20]"/>
        <net name="AES_wiring_i/inputs_0_currIn[19]"/>
        <net name="AES_wiring_i/inputs_0_currIn[18]"/>
        <net name="AES_wiring_i/inputs_0_currIn[17]"/>
        <net name="AES_wiring_i/inputs_0_currIn[16]"/>
        <net name="AES_wiring_i/inputs_0_currIn[15]"/>
        <net name="AES_wiring_i/inputs_0_currIn[14]"/>
        <net name="AES_wiring_i/inputs_0_currIn[13]"/>
        <net name="AES_wiring_i/inputs_0_currIn[12]"/>
        <net name="AES_wiring_i/inputs_0_currIn[11]"/>
        <net name="AES_wiring_i/inputs_0_currIn[10]"/>
        <net name="AES_wiring_i/inputs_0_currIn[9]"/>
        <net name="AES_wiring_i/inputs_0_currIn[8]"/>
        <net name="AES_wiring_i/inputs_0_currIn[7]"/>
        <net name="AES_wiring_i/inputs_0_currIn[6]"/>
        <net name="AES_wiring_i/inputs_0_currIn[5]"/>
        <net name="AES_wiring_i/inputs_0_currIn[4]"/>
        <net name="AES_wiring_i/inputs_0_currIn[3]"/>
        <net name="AES_wiring_i/inputs_0_currIn[2]"/>
        <net name="AES_wiring_i/inputs_0_currIn[1]"/>
        <net name="AES_wiring_i/inputs_0_currIn[0]"/>
      </nets>
    </probe>
    <probe type="ila" busType="bus" source="netlist" spec="ILA_V2_RT">
      <probeOptions Id="DebugProbeParams">
        <Option Id="CAPTURE_COMPARE_VALUE" value="eq8&apos;hXX"/>
        <Option Id="COMPARE_VALUE.0" value="eq8&apos;hXX"/>
        <Option Id="DISPLAY_AS_ENUM" value="1"/>
        <Option Id="DISPLAY_HINT" value=""/>
        <Option Id="DISPLAY_RADIX" value="HEX"/>
        <Option Id="DISPLAY_VISIBILITY" value=""/>
        <Option Id="HW_ILA" value="hw_ila_2"/>
        <Option Id="LINK_TO_WAVEFORM" value="1"/>
        <Option Id="MAP" value="probe3[7:0]"/>
        <Option Id="NAME.CUSTOM" value=""/>
        <Option Id="NAME.SELECT" value="Long"/>
        <Option Id="SOURCE" value="netlist"/>
        <Option Id="TRIGGER_COMPARE_VALUE" value="eq8&apos;hXX"/>
        <Option Id="WAVEFORM_STYLE" value="Digital"/>
      </probeOptions>
      <nets>
        <net name="AES_wiring_i/mux4_0_outM[7]"/>
        <net name="AES_wiring_i/mux4_0_outM[6]"/>
        <net name="AES_wiring_i/mux4_0_outM[5]"/>
        <net name="AES_wiring_i/mux4_0_outM[4]"/>
        <net name="AES_wiring_i/mux4_0_outM[3]"/>
        <net name="AES_wiring_i/mux4_0_outM[2]"/>
        <net name="AES_wiring_i/mux4_0_outM[1]"/>
        <net name="AES_wiring_i/mux4_0_outM[0]"/>
      </nets>
    </probe>
    <probe type="ila" busType="bus" source="netlist" spec="ILA_V2_RT">
      <probeOptions Id="DebugProbeParams">
        <Option Id="CAPTURE_COMPARE_VALUE" value="eq128&apos;hXXXX_XXXX_XXXX_XXXX_XXXX_XXXX_XXXX_XXXX"/>
        <Option Id="COMPARE_VALUE.0" value="eq128&apos;hXXXX_XXXX_XXXX_XXXX_XXXX_XXXX_XXXX_XXXX"/>
        <Option Id="DISPLAY_AS_ENUM" value="1"/>
        <Option Id="DISPLAY_HINT" value=""/>
        <Option Id="DISPLAY_RADIX" value="HEX"/>
        <Option Id="DISPLAY_VISIBILITY" value=""/>
        <Option Id="HW_ILA" value="hw_ila_1"/>
        <Option Id="LINK_TO_WAVEFORM" value="1"/>
        <Option Id="MAP" value="probe3[127:0]"/>
        <Option Id="NAME.CUSTOM" value=""/>
        <Option Id="NAME.SELECT" value="Long"/>
        <Option Id="SOURCE" value="netlist"/>
        <Option Id="TRIGGER_COMPARE_VALUE" value="eq128&apos;hXXXX_XXXX_XXXX_XXXX_XXXX_XXXX_XXXX_XXXX"/>
        <Option Id="WAVEFORM_STYLE" value="Digital"/>
      </probeOptions>
      <nets>
        <net name="AES_wiring_i/mux_0_outM[127]"/>
        <net name="AES_wiring_i/mux_0_outM[126]"/>
        <net name="AES_wiring_i/mux_0_outM[125]"/>
        <net name="AES_wiring_i/mux_0_outM[124]"/>
        <net name="AES_wiring_i/mux_0_outM[123]"/>
        <net name="AES_wiring_i/mux_0_outM[122]"/>
        <net name="AES_wiring_i/mux_0_outM[121]"/>
        <net name="AES_wiring_i/mux_0_outM[120]"/>
        <net name="AES_wiring_i/mux_0_outM[119]"/>
        <net name="AES_wiring_i/mux_0_outM[118]"/>
        <net name="AES_wiring_i/mux_0_outM[117]"/>
        <net name="AES_wiring_i/mux_0_outM[116]"/>
        <net name="AES_wiring_i/mux_0_outM[115]"/>
        <net name="AES_wiring_i/mux_0_outM[114]"/>
        <net name="AES_wiring_i/mux_0_outM[113]"/>
        <net name="AES_wiring_i/mux_0_outM[112]"/>
        <net name="AES_wiring_i/mux_0_outM[111]"/>
        <net name="AES_wiring_i/mux_0_outM[110]"/>
        <net name="AES_wiring_i/mux_0_outM[109]"/>
        <net name="AES_wiring_i/mux_0_outM[108]"/>
        <net name="AES_wiring_i/mux_0_outM[107]"/>
        <net name="AES_wiring_i/mux_0_outM[106]"/>
        <net name="AES_wiring_i/mux_0_outM[105]"/>
        <net name="AES_wiring_i/mux_0_outM[104]"/>
        <net name="AES_wiring_i/mux_0_outM[103]"/>
        <net name="AES_wiring_i/mux_0_outM[102]"/>
        <net name="AES_wiring_i/mux_0_outM[101]"/>
        <net name="AES_wiring_i/mux_0_outM[100]"/>
        <net name="AES_wiring_i/mux_0_outM[99]"/>
        <net name="AES_wiring_i/mux_0_outM[98]"/>
        <net name="AES_wiring_i/mux_0_outM[97]"/>
        <net name="AES_wiring_i/mux_0_outM[96]"/>
        <net name="AES_wiring_i/mux_0_outM[95]"/>
        <net name="AES_wiring_i/mux_0_outM[94]"/>
        <net name="AES_wiring_i/mux_0_outM[93]"/>
        <net name="AES_wiring_i/mux_0_outM[92]"/>
        <net name="AES_wiring_i/mux_0_outM[91]"/>
        <net name="AES_wiring_i/mux_0_outM[90]"/>
        <net name="AES_wiring_i/mux_0_outM[89]"/>
        <net name="AES_wiring_i/mux_0_outM[88]"/>
        <net name="AES_wiring_i/mux_0_outM[87]"/>
        <net name="AES_wiring_i/mux_0_outM[86]"/>
        <net name="AES_wiring_i/mux_0_outM[85]"/>
        <net name="AES_wiring_i/mux_0_outM[84]"/>
        <net name="AES_wiring_i/mux_0_outM[83]"/>
        <net name="AES_wiring_i/mux_0_outM[82]"/>
        <net name="AES_wiring_i/mux_0_outM[81]"/>
        <net name="AES_wiring_i/mux_0_outM[80]"/>
        <net name="AES_wiring_i/mux_0_outM[79]"/>
        <net name="AES_wiring_i/mux_0_outM[78]"/>
        <net name="AES_wiring_i/mux_0_outM[77]"/>
        <net name="AES_wiring_i/mux_0_outM[76]"/>
        <net name="AES_wiring_i/mux_0_outM[75]"/>
        <net name="AES_wiring_i/mux_0_outM[74]"/>
        <net name="AES_wiring_i/mux_0_outM[73]"/>
        <net name="AES_wiring_i/mux_0_outM[72]"/>
        <net name="AES_wiring_i/mux_0_outM[71]"/>
        <net name="AES_wiring_i/mux_0_outM[70]"/>
        <net name="AES_wiring_i/mux_0_outM[69]"/>
        <net name="AES_wiring_i/mux_0_outM[68]"/>
        <net name="AES_wiring_i/mux_0_outM[67]"/>
        <net name="AES_wiring_i/mux_0_outM[66]"/>
        <net name="AES_wiring_i/mux_0_outM[65]"/>
        <net name="AES_wiring_i/mux_0_outM[64]"/>
        <net name="AES_wiring_i/mux_0_outM[63]"/>
        <net name="AES_wiring_i/mux_0_outM[62]"/>
        <net name="AES_wiring_i/mux_0_outM[61]"/>
        <net name="AES_wiring_i/mux_0_outM[60]"/>
        <net name="AES_wiring_i/mux_0_outM[59]"/>
        <net name="AES_wiring_i/mux_0_outM[58]"/>
        <net name="AES_wiring_i/mux_0_outM[57]"/>
        <net name="AES_wiring_i/mux_0_outM[56]"/>
        <net name="AES_wiring_i/mux_0_outM[55]"/>
        <net name="AES_wiring_i/mux_0_outM[54]"/>
        <net name="AES_wiring_i/mux_0_outM[53]"/>
        <net name="AES_wiring_i/mux_0_outM[52]"/>
        <net name="AES_wiring_i/mux_0_outM[51]"/>
        <net name="AES_wiring_i/mux_0_outM[50]"/>
        <net name="AES_wiring_i/mux_0_outM[49]"/>
        <net name="AES_wiring_i/mux_0_outM[48]"/>
        <net name="AES_wiring_i/mux_0_outM[47]"/>
        <net name="AES_wiring_i/mux_0_outM[46]"/>
        <net name="AES_wiring_i/mux_0_outM[45]"/>
        <net name="AES_wiring_i/mux_0_outM[44]"/>
        <net name="AES_wiring_i/mux_0_outM[43]"/>
        <net name="AES_wiring_i/mux_0_outM[42]"/>
        <net name="AES_wiring_i/mux_0_outM[41]"/>
        <net name="AES_wiring_i/mux_0_outM[40]"/>
        <net name="AES_wiring_i/mux_0_outM[39]"/>
        <net name="AES_wiring_i/mux_0_outM[38]"/>
        <net name="AES_wiring_i/mux_0_outM[37]"/>
        <net name="AES_wiring_i/mux_0_outM[36]"/>
        <net name="AES_wiring_i/mux_0_outM[35]"/>
        <net name="AES_wiring_i/mux_0_outM[34]"/>
        <net name="AES_wiring_i/mux_0_outM[33]"/>
        <net name="AES_wiring_i/mux_0_outM[32]"/>
        <net name="AES_wiring_i/mux_0_outM[31]"/>
        <net name="AES_wiring_i/mux_0_outM[30]"/>
        <net name="AES_wiring_i/mux_0_outM[29]"/>
        <net name="AES_wiring_i/mux_0_outM[28]"/>
        <net name="AES_wiring_i/mux_0_outM[27]"/>
        <net name="AES_wiring_i/mux_0_outM[26]"/>
        <net name="AES_wiring_i/mux_0_outM[25]"/>
        <net name="AES_wiring_i/mux_0_outM[24]"/>
        <net name="AES_wiring_i/mux_0_outM[23]"/>
        <net name="AES_wiring_i/mux_0_outM[22]"/>
        <net name="AES_wiring_i/mux_0_outM[21]"/>
        <net name="AES_wiring_i/mux_0_outM[20]"/>
        <net name="AES_wiring_i/mux_0_outM[19]"/>
        <net name="AES_wiring_i/mux_0_outM[18]"/>
        <net name="AES_wiring_i/mux_0_outM[17]"/>
        <net name="AES_wiring_i/mux_0_outM[16]"/>
        <net name="AES_wiring_i/mux_0_outM[15]"/>
        <net name="AES_wiring_i/mux_0_outM[14]"/>
        <net name="AES_wiring_i/mux_0_outM[13]"/>
        <net name="AES_wiring_i/mux_0_outM[12]"/>
        <net name="AES_wiring_i/mux_0_outM[11]"/>
        <net name="AES_wiring_i/mux_0_outM[10]"/>
        <net name="AES_wiring_i/mux_0_outM[9]"/>
        <net name="AES_wiring_i/mux_0_outM[8]"/>
        <net name="AES_wiring_i/mux_0_outM[7]"/>
        <net name="AES_wiring_i/mux_0_outM[6]"/>
        <net name="AES_wiring_i/mux_0_outM[5]"/>
        <net name="AES_wiring_i/mux_0_outM[4]"/>
        <net name="AES_wiring_i/mux_0_outM[3]"/>
        <net name="AES_wiring_i/mux_0_outM[2]"/>
        <net name="AES_wiring_i/mux_0_outM[1]"/>
        <net name="AES_wiring_i/mux_0_outM[0]"/>
      </nets>
    </probe>
    <probe type="ila" busType="net" source="netlist" spec="ILA_V2_RT">
      <probeOptions Id="DebugProbeParams">
        <Option Id="CAPTURE_COMPARE_VALUE" value="eq1&apos;bX"/>
        <Option Id="COMPARE_VALUE.0" value="eq1&apos;bF"/>
        <Option Id="DISPLAY_AS_ENUM" value="1"/>
        <Option Id="DISPLAY_HINT" value=""/>
        <Option Id="DISPLAY_RADIX" value="HEX"/>
        <Option Id="DISPLAY_VISIBILITY" value=""/>
        <Option Id="HW_ILA" value="hw_ila_1"/>
        <Option Id="LINK_TO_WAVEFORM" value="1"/>
        <Option Id="MAP" value="probe1[0]"/>
        <Option Id="NAME.CUSTOM" value=""/>
        <Option Id="NAME.SELECT" value="Long"/>
        <Option Id="SOURCE" value="netlist"/>
        <Option Id="TRIGGER_COMPARE_VALUE" value="eq1&apos;bF"/>
        <Option Id="WAVEFORM_STYLE" value="Digital"/>
      </probeOptions>
      <nets>
        <net name="AES_wiring_i/rst_1"/>
      </nets>
    </probe>
    <probe type="ila" busType="bus" source="netlist" spec="ILA_V2_RT">
      <probeOptions Id="DebugProbeParams">
        <Option Id="CAPTURE_COMPARE_VALUE" value="eq14&apos;hXXXX"/>
        <Option Id="COMPARE_VALUE.0" value="eq14&apos;hXXXX"/>
        <Option Id="DISPLAY_AS_ENUM" value="1"/>
        <Option Id="DISPLAY_HINT" value=""/>
        <Option Id="DISPLAY_RADIX" value="HEX"/>
        <Option Id="DISPLAY_VISIBILITY" value=""/>
        <Option Id="HW_ILA" value="hw_ila_2"/>
        <Option Id="LINK_TO_WAVEFORM" value="1"/>
        <Option Id="MAP" value="probe2[13:0]"/>
        <Option Id="NAME.CUSTOM" value=""/>
        <Option Id="NAME.SELECT" value="Long"/>
        <Option Id="SOURCE" value="netlist"/>
        <Option Id="TRIGGER_COMPARE_VALUE" value="eq14&apos;hXXXX"/>
        <Option Id="WAVEFORM_STYLE" value="Digital"/>
      </probeOptions>
      <nets>
        <net name="AES_wiring_i/xlconcat_0_dout[13]"/>
        <net name="AES_wiring_i/xlconcat_0_dout[12]"/>
        <net name="AES_wiring_i/xlconcat_0_dout[11]"/>
        <net name="AES_wiring_i/xlconcat_0_dout[10]"/>
        <net name="AES_wiring_i/xlconcat_0_dout[9]"/>
        <net name="AES_wiring_i/xlconcat_0_dout[8]"/>
        <net name="AES_wiring_i/xlconcat_0_dout[7]"/>
        <net name="AES_wiring_i/xlconcat_0_dout[6]"/>
        <net name="AES_wiring_i/xlconcat_0_dout[5]"/>
        <net name="AES_wiring_i/xlconcat_0_dout[4]"/>
        <net name="AES_wiring_i/xlconcat_0_dout[3]"/>
        <net name="AES_wiring_i/xlconcat_0_dout[2]"/>
        <net name="AES_wiring_i/xlconcat_0_dout[1]"/>
        <net name="AES_wiring_i/xlconcat_0_dout[0]"/>
      </nets>
    </probe>
  </probeset>
</hwsession>
